{
    "coefficients": {
        "K": -0.110427,
        "As": 1.07931,
        "As-As": [18.6516, 23.9314, 26.3988, 16.6456, 3.74114, 2.53595, -1.38814, -3.39835, -1.88414, -1.4378, -0.735902, -0.350488, -0.395117, -0.160115, -0.131479, -0.0283092, -0.0116784, -0.0296953, -0.0412838, 0.0521551, 0.0494708, 0.0062683, -0.0162389, 0.0425434, -0.0141267, 0.0152009, -0.0240224, 0],
        "K-As": [100.469, 157.64, 285.856, 483.437, 601.578, -150.837, 193.813, -59.0218, 11.5308, 12.0797, -3.34418, 1.10562, -0.57226, -0.515855, -0.32745, -0.256294, -0.224583, -0.192825, -0.0844752, -0.0378289, -0.0327983, -0.137813, -0.00919613, 0.00334526, 0.0313358, 0.032174, 0.0475335, 0],
        "K-K": [-0.18749, -0.33753, -0.750203, -1.72583, -3.94046, -8.82227, -19.1934, -40.0322, -78.0594, -134.34, -168.385, 39.1018, -3.52273, 1.93536, -0.74939, 0.0141634, -0.291201, -0.193579, -0.0836627, -0.21413, -0.136304, -0.12512, -0.169278, -0.100781, -0.0317506, -0.145818, -0.125519, 0]
    },
    "knots": {
        "As-As": [1, 1, 1, 1, 1.2, 1.4, 1.6, 1.8, 2, 2.2, 2.4, 2.6, 2.8, 3, 3.2, 3.4, 3.6, 3.8, 4, 4.2, 4.4, 4.6, 4.8, 5, 5.2, 5.4, 5.6, 5.8, 6, 6, 6, 6],
        "K-As": [1, 1, 1, 1, 1.18, 1.36, 1.54, 1.72, 1.9, 2.08, 2.26, 2.44, 2.62, 2.8, 2.98, 3.16, 3.34, 3.52, 3.7, 3.88, 4.06, 4.24, 4.42, 4.6, 4.78, 4.96, 5.14, 5.32, 5.5, 5.5, 5.5, 5.5],
        "K-K": [1, 1, 1, 1, 1.16, 1.32, 1.48, 1.64, 1.8, 1.96, 2.12, 2.28, 2.44, 2.6, 2.76, 2.92, 3.08, 3.24, 3.4, 3.56, 3.72, 3.88, 4.04, 4.2, 4.36, 4.52, 4.68, 4.84, 5, 5, 5, 5]
    }
}